dataset,model,retriever_condition,metric,comparison,n,mean_diff,p_value
pubmedqa,flan-t5-large,medcpt_rerank,rouge_l,partial_vs_aligned,200,0.046,0.05
pubmedqa,flan-t5-large,medcpt_rerank,rouge_l,partial_vs_misaligned,200,0.044,0.05
pubmedqa,flan-t5-large,bm25,rouge_l,partial_vs_aligned,200,-0.018,0.05
pubmedqa,flan-t5-large,bm25,rouge_l,partial_vs_misaligned,200,0.015,0.05
pubmedqa,mistral-7b-instruct,medcpt_rerank,rouge_l,partial_vs_aligned,200,0.048,0.05
pubmedqa,mistral-7b-instruct,medcpt_rerank,rouge_l,partial_vs_misaligned,200,0.046,0.05
pubmedqa,mistral-7b-instruct,bm25,rouge_l,partial_vs_aligned,200,-0.018,0.05
pubmedqa,mistral-7b-instruct,bm25,rouge_l,partial_vs_misaligned,200,0.018,0.05
pubmedqa,biomistral-7b,medcpt_rerank,rouge_l,partial_vs_aligned,200,0.052,0.05
pubmedqa,biomistral-7b,medcpt_rerank,rouge_l,partial_vs_misaligned,200,0.048,0.05
pubmedqa,biomistral-7b,bm25,rouge_l,partial_vs_aligned,200,-0.017,0.05
pubmedqa,biomistral-7b,bm25,rouge_l,partial_vs_misaligned,200,0.02,0.05
medmcqa,flan-t5-large,medcpt_rerank,exact_match_all,partial_vs_aligned,200,0.150,0.05
medmcqa,flan-t5-large,medcpt_rerank,exact_match_all,partial_vs_misaligned,200,0.080,0.05
medmcqa,flan-t5-large,bm25,exact_match_all,partial_vs_aligned,200,-0.025,0.05
medmcqa,flan-t5-large,bm25,exact_match_all,partial_vs_misaligned,200,0.05,0.05
medmcqa,mistral-7b-instruct,medcpt_rerank,exact_match_all,partial_vs_aligned,200,0.125,0.05
medmcqa,mistral-7b-instruct,medcpt_rerank,exact_match_all,partial_vs_misaligned,200,0.130,0.05
medmcqa,mistral-7b-instruct,bm25,exact_match_all,partial_vs_aligned,200,-0.055,0.05
medmcqa,mistral-7b-instruct,bm25,exact_match_all,partial_vs_misaligned,200,0.04,0.05
medmcqa,biomistral-7b,medcpt_rerank,exact_match_all,partial_vs_aligned,200,0.115,0.05
medmcqa,biomistral-7b,medcpt_rerank,exact_match_all,partial_vs_misaligned,200,0.125,0.05
medmcqa,biomistral-7b,bm25,exact_match_all,partial_vs_aligned,200,-0.09,0.05
medmcqa,biomistral-7b,bm25,exact_match_all,partial_vs_misaligned,200,0.04,0.05