dataset,corpus_condition,model,condition,n,rouge_l,bertscore,gt_align,faithfulness,exact_match_all,exact_match_answered,em_accuracy,severe_hall_pct,abstained_pct,avg_latency,acc_ynm,claim_correctness
medmcqa,aligned,biomistral-7b,bm25,200,0.152,0.865,0.38,NA,0.37,0.46,0.37,7.0,19.5,1.73,NA,NA
medmcqa,aligned,biomistral-7b,contradictory,200,0.111,0.846,0.089,NA,0.045,0.102,0.045,18.5,56.0,1.74,NA,NA
medmcqa,aligned,biomistral-7b,faiss_medcpt,200,0.172,0.875,0.38,NA,0.36,0.468,0.36,5.5,23.0,1.93,NA,NA
medmcqa,aligned,biomistral-7b,faiss_minilm,200,0.157,0.867,0.373,NA,0.34,0.433,0.34,6.5,21.5,1.91,NA,NA
medmcqa,aligned,biomistral-7b,hybrid_medcpt,200,0.186,0.88,0.392,NA,0.38,0.51,0.38,4.0,25.5,1.87,NA,NA
medmcqa,aligned,biomistral-7b,medcpt_rerank,200,0.205,0.889,0.374,NA,0.355,0.504,0.355,1.5,21.5,2.22,NA,NA
medmcqa,aligned,biomistral-7b,missing_evidence,200,0.102,0.842,0.055,NA,0.025,0.076,0.025,21.0,67.0,1.69,NA,NA
medmcqa,aligned,biomistral-7b,no_retrieval,200,0.124,0.852,0.406,NA,0.38,0.434,0.38,5.0,12.5,1.77,NA,NA
medmcqa,aligned,biomistral-7b,noisy1,200,0.116,0.848,0.157,NA,0.12,0.22,0.12,14.5,45.5,1.74,NA,NA
medmcqa,aligned,biomistral-7b,random,200,0.113,0.847,0.259,NA,0.22,0.321,0.22,11.0,31.5,1.66,NA,NA
medmcqa,aligned,flan-t5-large,bm25,200,0.109,0.834,0.355,NA,0.295,0.314,0.295,13.0,6.0,1.03,NA,NA
medmcqa,aligned,flan-t5-large,contradictory,200,0.074,0.817,0.19,NA,0.12,0.149,0.12,37.0,19.5,1.19,NA,NA
medmcqa,aligned,flan-t5-large,faiss_medcpt,200,0.128,0.842,0.382,NA,0.335,0.362,0.335,10.0,7.5,1.22,NA,NA
medmcqa,aligned,flan-t5-large,faiss_minilm,200,0.115,0.836,0.35,NA,0.3,0.321,0.3,12.0,6.5,1.23,NA,NA
medmcqa,aligned,flan-t5-large,hybrid_medcpt,200,0.142,0.847,0.393,NA,0.37,0.402,0.37,7.0,8.0,1.21,NA,NA
medmcqa,aligned,flan-t5-large,medcpt_rerank,200,0.156,0.854,0.414,NA,0.38,0.42,0.38,3.5,8.0,1.56,NA,NA
medmcqa,aligned,flan-t5-large,missing_evidence,200,0.065,0.813,0.163,NA,0.085,0.111,0.085,42.5,23.5,1.19,NA,NA
medmcqa,aligned,flan-t5-large,no_retrieval,200,0.087,0.823,0.379,NA,0.33,0.342,0.33,8.5,3.5,1.0,NA,NA
medmcqa,aligned,flan-t5-large,noisy1,200,0.078,0.819,0.238,NA,0.165,0.195,0.165,28.5,15.5,1.2,NA,NA
medmcqa,aligned,flan-t5-large,random,200,0.077,0.818,0.266,NA,0.21,0.235,0.21,21.0,10.5,1.01,NA,NA
medmcqa,aligned,mistral-7b-instruct,bm25,200,0.138,0.853,0.376,NA,0.345,0.385,0.345,11.0,10.5,1.73,NA,NA
medmcqa,aligned,mistral-7b-instruct,contradictory,200,0.097,0.835,0.175,NA,0.115,0.165,0.115,32.0,30.5,1.83,NA,NA
medmcqa,aligned,mistral-7b-instruct,faiss_medcpt,200,0.158,0.862,0.404,NA,0.375,0.429,0.375,8.5,12.5,1.93,NA,NA
medmcqa,aligned,mistral-7b-instruct,faiss_minilm,200,0.145,0.855,0.378,NA,0.35,0.398,0.35,10.5,12.0,1.9,NA,NA
medmcqa,aligned,mistral-7b-instruct,hybrid_medcpt,200,0.171,0.868,0.409,NA,0.39,0.453,0.39,6.0,14.0,1.92,NA,NA
medmcqa,aligned,mistral-7b-instruct,medcpt_rerank,200,0.187,0.875,0.43,NA,0.405,0.5,0.405,2.0,12.5,2.22,NA,NA
medmcqa,aligned,mistral-7b-instruct,missing_evidence,200,0.089,0.831,0.105,NA,0.035,0.055,0.035,37.0,36.5,1.8,NA,NA
medmcqa,aligned,mistral-7b-instruct,no_retrieval,200,0.114,0.841,0.391,NA,0.355,0.382,0.355,7.0,7.0,1.7,NA,NA
medmcqa,aligned,mistral-7b-instruct,noisy1,200,0.103,0.837,0.216,NA,0.155,0.207,0.155,25.0,25.0,1.85,NA,NA
medmcqa,aligned,mistral-7b-instruct,random,200,0.103,0.836,0.285,NA,0.22,0.265,0.22,18.5,17.0,1.7,NA,NA
medmcqa,misaligned,biomistral-7b,bm25,200,0.115,0.848,0.268,NA,0.24,0.366,0.24,6.5,34.5,1.66,NA,NA
medmcqa,misaligned,biomistral-7b,contradictory,200,0.097,0.839,0.006,NA,0.0,0.0,0.0,5.0,95.0,1.53,NA,NA
medmcqa,misaligned,biomistral-7b,faiss_medcpt,200,0.11,0.846,0.194,NA,0.155,0.272,0.155,7.0,43.0,1.83,NA,NA
medmcqa,misaligned,biomistral-7b,faiss_minilm,200,0.112,0.847,0.233,NA,0.205,0.328,0.205,6.5,37.5,1.79,NA,NA
medmcqa,misaligned,biomistral-7b,hybrid_medcpt,200,0.105,0.844,0.182,NA,0.145,0.282,0.145,7.5,48.5,1.8,NA,NA
medmcqa,misaligned,biomistral-7b,medcpt_rerank,200,0.105,0.843,0.148,NA,0.115,0.253,0.115,7.9,54.3,2.12,NA,NA
medmcqa,misaligned,biomistral-7b,missing_evidence,200,0.092,0.838,0.006,NA,0.0,0.0,0.0,5.0,95.0,1.51,NA,NA
medmcqa,misaligned,biomistral-7b,no_retrieval,200,0.126,0.852,0.39,NA,0.365,0.417,0.365,5.0,12.5,1.76,NA,NA
medmcqa,misaligned,biomistral-7b,noisy1,200,0.1,0.841,0.031,NA,0.005,0.027,0.005,9.5,81.5,1.6,NA,NA
medmcqa,misaligned,biomistral-7b,random,200,0.104,0.843,0.109,NA,0.075,0.188,0.075,8.5,60.0,1.51,NA,NA
medmcqa,misaligned,flan-t5-large,bm25,200,0.077,0.819,0.288,NA,0.22,0.249,0.22,11.5,11.5,1.02,NA,NA
medmcqa,misaligned,flan-t5-large,contradictory,200,0.057,0.81,0.139,NA,0.07,0.105,0.07,20.5,33.5,1.15,NA,NA
medmcqa,misaligned,flan-t5-large,faiss_medcpt,200,0.073,0.817,0.264,NA,0.19,0.222,0.19,13.0,14.5,1.21,NA,NA
medmcqa,misaligned,flan-t5-large,faiss_minilm,200,0.077,0.818,0.282,NA,0.22,0.251,0.22,12.0,12.5,1.2,NA,NA
medmcqa,misaligned,flan-t5-large,hybrid_medcpt,200,0.07,0.815,0.253,NA,0.185,0.222,0.185,14.0,16.5,1.18,NA,NA
medmcqa,misaligned,flan-t5-large,medcpt_rerank,200,0.068,0.814,0.224,NA,0.15,0.184,0.15,14.9,18.4,1.53,NA,NA
medmcqa,misaligned,flan-t5-large,missing_evidence,200,0.056,0.809,0.128,NA,0.055,0.089,0.055,22.5,38.0,1.15,NA,NA
medmcqa,misaligned,flan-t5-large,no_retrieval,200,0.087,0.823,0.377,NA,0.325,0.337,0.325,8.5,3.5,1.02,NA,NA
medmcqa,misaligned,flan-t5-large,noisy1,200,0.065,0.812,0.148,NA,0.075,0.105,0.075,18.0,28.5,1.16,NA,NA
medmcqa,misaligned,flan-t5-large,random,200,0.065,0.814,0.215,NA,0.135,0.17,0.135,16.0,20.5,0.97,NA,NA
medmcqa,misaligned,mistral-7b-instruct,bm25,200,0.104,0.837,0.303,NA,0.25,0.309,0.25,10.0,19.0,1.69,NA,NA
medmcqa,misaligned,mistral-7b-instruct,contradictory,200,0.084,0.828,0.105,NA,0.055,0.115,0.055,18.0,52.0,1.74,NA,NA
medmcqa,misaligned,mistral-7b-instruct,faiss_medcpt,200,0.099,0.835,0.256,NA,0.21,0.275,0.21,11.5,23.5,1.87,NA,NA
medmcqa,misaligned,mistral-7b-instruct,faiss_minilm,200,0.101,0.836,0.292,NA,0.23,0.289,0.23,10.5,20.5,1.87,NA,NA
medmcqa,misaligned,mistral-7b-instruct,hybrid_medcpt,200,0.095,0.833,0.231,NA,0.17,0.231,0.17,12.5,26.5,1.83,NA,NA
medmcqa,misaligned,mistral-7b-instruct,medcpt_rerank,200,0.093,0.832,0.208,NA,0.15,0.213,0.15,12.9,29.3,2.17,NA,NA
medmcqa,misaligned,mistral-7b-instruct,missing_evidence,200,0.082,0.827,0.064,NA,0.025,0.061,0.025,19.5,59.0,1.69,NA,NA
medmcqa,misaligned,mistral-7b-instruct,no_retrieval,200,0.113,0.841,0.4,NA,0.335,0.36,0.335,7.0,7.0,1.73,NA,NA
medmcqa,misaligned,mistral-7b-instruct,noisy1,200,0.088,0.83,0.152,NA,0.11,0.198,0.11,16.0,44.5,1.75,NA,NA
medmcqa,misaligned,mistral-7b-instruct,random,200,0.089,0.832,0.193,NA,0.14,0.207,0.14,14.0,32.5,1.61,NA,NA
medmcqa,partially_aligned,biomistral-7b,bm25,200,0.134,0.856,0.314,NA,0.28,0.384,0.28,6.5,27.0,1.7,NA,NA
medmcqa,partially_aligned,biomistral-7b,contradictory,200,0.101,0.843,0.036,NA,0.005,0.02,0.005,14.5,75.5,1.65,NA,NA
medmcqa,partially_aligned,biomistral-7b,faiss_medcpt,200,0.143,0.86,0.285,NA,0.25,0.373,0.25,6.5,33.0,1.86,NA,NA
medmcqa,partially_aligned,biomistral-7b,faiss_minilm,200,0.135,0.857,0.299,NA,0.265,0.376,0.265,6.5,29.5,1.9,NA,NA
medmcqa,partially_aligned,biomistral-7b,hybrid_medcpt,200,0.147,0.862,0.282,NA,0.255,0.405,0.255,6.0,37.0,1.88,NA,NA
medmcqa,partially_aligned,biomistral-7b,medcpt_rerank,200,0.153,0.866,0.261,NA,0.24,0.414,0.24,5.5,42.0,2.16,NA,NA
medmcqa,partially_aligned,biomistral-7b,missing_evidence,200,0.097,0.84,0.015,NA,0.0,0.0,0.0,12.5,87.5,1.56,NA,NA
medmcqa,partially_aligned,biomistral-7b,no_retrieval,200,0.123,0.852,0.383,NA,0.36,0.411,0.36,5.0,12.5,1.75,NA,NA
medmcqa,partially_aligned,biomistral-7b,noisy1,200,0.108,0.845,0.069,NA,0.035,0.096,0.035,12.0,63.5,1.68,NA,NA
medmcqa,partially_aligned,biomistral-7b,random,200,0.107,0.845,0.188,NA,0.16,0.296,0.16,9.5,46.0,1.59,NA,NA
medmcqa,partially_aligned,flan-t5-large,bm25,200,0.096,0.827,0.332,NA,0.27,0.295,0.27,12.0,8.5,1.02,NA,NA
medmcqa,partially_aligned,flan-t5-large,contradictory,200,0.066,0.814,0.156,NA,0.09,0.122,0.09,28.5,26.5,1.17,NA,NA
medmcqa,partially_aligned,flan-t5-large,faiss_medcpt,200,0.102,0.83,0.321,NA,0.265,0.298,0.265,11.5,11.0,1.22,NA,NA
medmcqa,partially_aligned,flan-t5-large,faiss_minilm,200,0.096,0.827,0.319,NA,0.265,0.293,0.265,12.0,9.5,1.2,NA,NA
medmcqa,partially_aligned,flan-t5-large,hybrid_medcpt,200,0.107,0.832,0.3,NA,0.245,0.28,0.245,10.5,12.5,1.19,NA,NA
medmcqa,partially_aligned,flan-t5-large,medcpt_rerank,200,0.115,0.835,0.306,NA,0.235,0.273,0.235,10.0,14.0,1.54,NA,NA
medmcqa,partially_aligned,flan-t5-large,missing_evidence,200,0.058,0.811,0.152,NA,0.08,0.116,0.08,32.5,31.0,1.16,NA,NA
medmcqa,partially_aligned,flan-t5-large,no_retrieval,200,0.088,0.823,0.372,NA,0.32,0.332,0.32,8.5,3.5,1.02,NA,NA
medmcqa,partially_aligned,flan-t5-large,noisy1,200,0.071,0.816,0.194,NA,0.125,0.16,0.125,23.5,22.0,1.2,NA,NA
medmcqa,partially_aligned,flan-t5-large,random,200,0.071,0.816,0.255,NA,0.19,0.225,0.19,18.5,15.5,0.98,NA,NA
medmcqa,partially_aligned,mistral-7b-instruct,bm25,200,0.12,0.845,0.338,NA,0.29,0.339,0.29,10.5,14.5,1.71,NA,NA
medmcqa,partially_aligned,mistral-7b-instruct,contradictory,200,0.091,0.832,0.138,NA,0.085,0.145,0.085,25.0,41.5,1.79,NA,NA
medmcqa,partially_aligned,mistral-7b-instruct,faiss_medcpt,200,0.128,0.848,0.333,NA,0.29,0.354,0.29,10.0,18.0,1.85,NA,NA
medmcqa,partially_aligned,mistral-7b-instruct,faiss_minilm,200,0.121,0.846,0.314,NA,0.275,0.327,0.275,10.5,16.0,1.89,NA,NA
medmcqa,partially_aligned,mistral-7b-instruct,hybrid_medcpt,200,0.133,0.85,0.325,NA,0.275,0.344,0.275,9.0,20.0,1.91,NA,NA
medmcqa,partially_aligned,mistral-7b-instruct,medcpt_rerank,200,0.139,0.854,0.318,NA,0.28,0.361,0.28,8.5,22.5,2.24,NA,NA
medmcqa,partially_aligned,mistral-7b-instruct,missing_evidence,200,0.084,0.829,0.097,NA,0.035,0.067,0.035,28.5,48.0,1.74,NA,NA
medmcqa,partially_aligned,mistral-7b-instruct,no_retrieval,200,0.114,0.841,0.417,NA,0.37,0.398,0.37,7.0,7.0,1.72,NA,NA
medmcqa,partially_aligned,mistral-7b-instruct,noisy1,200,0.097,0.834,0.172,NA,0.13,0.198,0.13,20.5,34.5,1.83,NA,NA
medmcqa,partially_aligned,mistral-7b-instruct,random,200,0.097,0.834,0.226,NA,0.17,0.225,0.17,16.0,24.5,1.65,NA,NA
pubmedqa,aligned,biomistral-7b,bm25,200,0.225,0.887,0.641,0.748,NA,NA,NA,14.5,14.0,1.77,0.59,0.605
pubmedqa,aligned,biomistral-7b,contradictory,200,0.183,0.868,0.177,0.355,NA,NA,NA,26.5,50.0,1.77,0.21,0.162
pubmedqa,aligned,biomistral-7b,faiss_medcpt,200,0.249,0.897,0.627,0.763,NA,NA,NA,13.0,17.0,1.92,0.635,0.593
pubmedqa,aligned,biomistral-7b,faiss_minilm,200,0.234,0.889,0.632,0.762,NA,NA,NA,14.0,15.5,1.96,0.595,0.611
pubmedqa,aligned,biomistral-7b,hybrid_medcpt,200,0.261,0.902,0.619,0.769,NA,NA,NA,11.5,19.0,1.91,0.605,0.592
pubmedqa,aligned,biomistral-7b,medcpt_rerank,200,0.279,0.911,0.613,0.767,NA,NA,NA,10.5,21.5,2.25,0.6,0.577
pubmedqa,aligned,biomistral-7b,missing_evidence,200,0.172,0.864,0.105,0.257,NA,NA,NA,29.0,60.0,1.68,0.18,0.103
pubmedqa,aligned,biomistral-7b,no_retrieval,200,0.199,0.874,0.711,0.129,NA,NA,NA,12.5,8.5,1.77,0.725,0.673
pubmedqa,aligned,biomistral-7b,noisy1,200,0.191,0.87,0.26,0.43,NA,NA,NA,22.5,39.5,1.79,0.28,0.246
pubmedqa,aligned,biomistral-7b,random,200,0.187,0.869,0.371,0.501,NA,NA,NA,18.5,23.0,1.74,0.39,0.346
pubmedqa,aligned,flan-t5-large,bm25,200,0.167,0.858,0.459,0.505,NA,NA,NA,22.5,5.0,1.03,0.465,0.423
pubmedqa,aligned,flan-t5-large,contradictory,200,0.129,0.841,0.185,0.238,NA,NA,NA,45.5,18.5,1.2,0.26,0.129
pubmedqa,aligned,flan-t5-large,faiss_medcpt,200,0.185,0.866,0.669,0.712,NA,NA,NA,20.0,6.0,1.2,0.615,0.636
pubmedqa,aligned,flan-t5-large,faiss_minilm,200,0.173,0.86,0.457,0.518,NA,NA,NA,22.0,5.5,1.22,0.47,0.438
pubmedqa,aligned,flan-t5-large,hybrid_medcpt,200,0.196,0.871,0.683,0.735,NA,NA,NA,17.0,7.0,1.2,0.625,0.648
pubmedqa,aligned,flan-t5-large,medcpt_rerank,200,0.211,0.878,0.687,0.755,NA,NA,NA,15.0,8.5,1.59,0.685,0.651
pubmedqa,aligned,flan-t5-large,missing_evidence,200,0.121,0.837,0.156,0.213,NA,NA,NA,50.5,22.0,1.17,0.21,0.11
pubmedqa,aligned,flan-t5-large,no_retrieval,200,0.142,0.847,0.493,0.112,NA,NA,NA,18.5,2.5,1.02,0.195,0.148
pubmedqa,aligned,flan-t5-large,noisy1,200,0.132,0.843,0.332,0.393,NA,NA,NA,37.5,14.5,1.19,0.375,0.324
pubmedqa,aligned,flan-t5-large,random,200,0.13,0.842,0.404,0.45,NA,NA,NA,30.5,9.0,1.01,0.465,0.378
pubmedqa,aligned,mistral-7b-instruct,bm25,200,0.214,0.881,0.591,0.653,NA,NA,NA,28.0,8.0,1.76,0.58,0.576
pubmedqa,aligned,mistral-7b-instruct,contradictory,200,0.176,0.863,0.194,0.278,NA,NA,NA,49.0,28.0,1.85,0.255,0.202
pubmedqa,aligned,mistral-7b-instruct,faiss_medcpt,200,0.234,0.89,0.592,0.67,NA,NA,NA,25.5,10.0,1.92,0.615,0.572
pubmedqa,aligned,mistral-7b-instruct,faiss_minilm,200,0.219,0.883,0.595,0.653,NA,NA,NA,27.5,9.0,1.94,0.595,0.575
pubmedqa,aligned,mistral-7b-instruct,hybrid_medcpt,200,0.245,0.896,0.604,0.678,NA,NA,NA,23.0,11.0,1.9,0.555,0.573
pubmedqa,aligned,mistral-7b-instruct,medcpt_rerank,200,0.262,0.903,0.609,0.703,NA,NA,NA,21.0,12.5,2.28,0.64,0.582
pubmedqa,aligned,mistral-7b-instruct,missing_evidence,200,0.164,0.859,0.141,0.207,NA,NA,NA,54.0,33.5,1.78,0.21,0.152
pubmedqa,aligned,mistral-7b-instruct,no_retrieval,200,0.186,0.869,0.65,0.115,NA,NA,NA,24.5,5.0,1.74,0.67,0.613
pubmedqa,aligned,mistral-7b-instruct,noisy1,200,0.177,0.865,0.274,0.362,NA,NA,NA,42.0,22.0,1.87,0.345,0.262
pubmedqa,aligned,mistral-7b-instruct,random,200,0.176,0.864,0.345,0.415,NA,NA,NA,35.5,13.5,1.69,0.405,0.336
pubmedqa,misaligned,biomistral-7b,bm25,200,0.188,0.87,0.383,0.536,NA,NA,NA,14.0,25.5,1.75,0.38,0.354
pubmedqa,misaligned,biomistral-7b,contradictory,200,0.17,0.861,0.018,0.117,NA,NA,NA,14.0,86.0,1.59,0.03,0.024
pubmedqa,misaligned,biomistral-7b,faiss_medcpt,200,0.183,0.868,0.337,0.522,NA,NA,NA,14.5,32.0,1.87,0.345,0.31
pubmedqa,misaligned,biomistral-7b,faiss_minilm,200,0.187,0.869,0.366,0.525,NA,NA,NA,14.0,27.5,1.85,0.4,0.34
pubmedqa,misaligned,biomistral-7b,hybrid_medcpt,200,0.18,0.866,0.313,0.509,NA,NA,NA,15.0,36.0,1.82,0.355,0.295
pubmedqa,misaligned,biomistral-7b,medcpt_rerank,200,0.179,0.865,0.282,0.512,NA,NA,NA,15.5,40.0,2.19,0.34,0.274
pubmedqa,misaligned,biomistral-7b,missing_evidence,200,0.167,0.86,0.006,0.133,NA,NA,NA,5.0,95.0,1.54,0.0,0.007
pubmedqa,misaligned,biomistral-7b,no_retrieval,200,0.198,0.874,0.709,0.116,NA,NA,NA,12.5,8.5,1.75,0.74,0.672
pubmedqa,misaligned,biomistral-7b,noisy1,200,0.174,0.863,0.071,0.305,NA,NA,NA,17.0,74.0,1.65,0.09,0.075
pubmedqa,misaligned,biomistral-7b,random,200,0.178,0.865,0.254,0.494,NA,NA,NA,16.0,44.5,1.57,0.25,0.241
pubmedqa,misaligned,flan-t5-large,bm25,200,0.133,0.843,0.431,0.517,NA,NA,NA,21.5,10.5,1.03,0.48,0.413
pubmedqa,misaligned,flan-t5-large,contradictory,200,0.113,0.834,0.166,0.261,NA,NA,NA,30.0,32.5,1.15,0.185,0.098
pubmedqa,misaligned,flan-t5-large,faiss_medcpt,200,0.127,0.841,0.41,0.485,NA,NA,NA,23.0,13.5,1.18,0.425,0.385
pubmedqa,misaligned,flan-t5-large,faiss_minilm,200,0.131,0.842,0.435,0.499,NA,NA,NA,22.0,11.5,1.21,0.465,0.392
pubmedqa,misaligned,flan-t5-large,hybrid_medcpt,200,0.126,0.839,0.397,0.484,NA,NA,NA,24.0,15.5,1.19,0.445,0.369
pubmedqa,misaligned,flan-t5-large,medcpt_rerank,200,0.123,0.838,0.24,0.296,NA,NA,NA,24.5,17.5,1.54,0.22,0.125
pubmedqa,misaligned,flan-t5-large,missing_evidence,200,0.114,0.833,0.145,0.25,NA,NA,NA,31.5,37.0,1.12,0.12,0.103
pubmedqa,misaligned,flan-t5-large,no_retrieval,200,0.142,0.847,0.496,0.115,NA,NA,NA,18.5,2.5,0.99,0.195,0.133
pubmedqa,misaligned,flan-t5-large,noisy1,200,0.118,0.836,0.191,0.276,NA,NA,NA,27.5,27.5,1.16,0.15,0.109
pubmedqa,misaligned,flan-t5-large,random,200,0.123,0.838,0.222,0.301,NA,NA,NA,25.5,19.5,0.96,0.27,0.122
pubmedqa,misaligned,mistral-7b-instruct,bm25,200,0.179,0.865,0.38,0.478,NA,NA,NA,27.0,15.0,1.74,0.4,0.369
pubmedqa,misaligned,mistral-7b-instruct,contradictory,200,0.157,0.856,0.15,0.294,NA,NA,NA,34.5,47.5,1.72,0.22,0.154
pubmedqa,misaligned,mistral-7b-instruct,faiss_medcpt,200,0.172,0.863,0.357,0.456,NA,NA,NA,28.5,18.5,1.86,0.425,0.336
pubmedqa,misaligned,mistral-7b-instruct,faiss_minilm,200,0.175,0.864,0.373,0.464,NA,NA,NA,27.5,16.0,1.89,0.375,0.352
pubmedqa,misaligned,mistral-7b-instruct,hybrid_medcpt,200,0.169,0.861,0.335,0.445,NA,NA,NA,29.5,21.0,1.86,0.345,0.317
pubmedqa,misaligned,mistral-7b-instruct,medcpt_rerank,200,0.169,0.86,0.325,0.426,NA,NA,NA,30.0,23.0,2.23,0.32,0.297
pubmedqa,misaligned,mistral-7b-instruct,missing_evidence,200,0.155,0.855,0.098,0.224,NA,NA,NA,36.5,54.5,1.68,0.11,0.105
pubmedqa,misaligned,mistral-7b-instruct,no_retrieval,200,0.188,0.869,0.648,0.135,NA,NA,NA,24.5,5.0,1.72,0.695,0.616
pubmedqa,misaligned,mistral-7b-instruct,noisy1,200,0.163,0.858,0.202,0.346,NA,NA,NA,32.5,41.0,1.76,0.25,0.195
pubmedqa,misaligned,mistral-7b-instruct,random,200,0.167,0.86,0.3,0.418,NA,NA,NA,31.0,25.5,1.7,0.355,0.282
pubmedqa,partially_aligned,biomistral-7b,bm25,200,0.208,0.878,0.594,0.745,NA,NA,NA,14.0,19.5,1.71,0.62,0.564
pubmedqa,partially_aligned,biomistral-7b,contradictory,200,0.176,0.865,0.08,0.277,NA,NA,NA,22.5,68.0,1.67,0.075,0.088
pubmedqa,partially_aligned,biomistral-7b,faiss_medcpt,200,0.216,0.882,0.563,0.74,NA,NA,NA,14.0,24.5,1.93,0.575,0.532
pubmedqa,partially_aligned,biomistral-7b,faiss_minilm,200,0.209,0.879,0.583,0.749,NA,NA,NA,14.0,21.5,1.93,0.56,0.558
pubmedqa,partially_aligned,biomistral-7b,hybrid_medcpt,200,0.22,0.884,0.529,0.737,NA,NA,NA,13.5,27.5,1.9,0.545,0.502
pubmedqa,partially_aligned,biomistral-7b,medcpt_rerank,200,0.228,0.888,0.502,0.729,NA,NA,NA,13.0,31.0,2.23,0.5,0.474
pubmedqa,partially_aligned,biomistral-7b,missing_evidence,200,0.171,0.862,0.023,0.136,NA,NA,NA,20.5,79.5,1.6,0.04,0.033
pubmedqa,partially_aligned,biomistral-7b,no_retrieval,200,0.198,0.874,0.708,0.109,NA,NA,NA,12.5,8.5,1.78,0.725,0.671
pubmedqa,partially_aligned,biomistral-7b,noisy1,200,0.181,0.867,0.163,0.4,NA,NA,NA,19.5,57.0,1.74,0.195,0.157
pubmedqa,partially_aligned,biomistral-7b,random,200,0.181,0.867,0.315,0.506,NA,NA,NA,17.5,34.0,1.62,0.29,0.295
pubmedqa,partially_aligned,flan-t5-large,bm25,200,0.149,0.851,0.448,0.507,NA,NA,NA,22.0,7.5,1.01,0.465,0.418
pubmedqa,partially_aligned,flan-t5-large,contradictory,200,0.123,0.838,0.174,0.24,NA,NA,NA,37.5,25.5,1.2,0.17,0.113
pubmedqa,partially_aligned,flan-t5-large,faiss_medcpt,200,0.158,0.854,0.44,0.51,NA,NA,NA,21.5,10.0,1.22,0.415,0.413
pubmedqa,partially_aligned,flan-t5-large,faiss_minilm,200,0.151,0.851,0.449,0.508,NA,NA,NA,22.0,8.5,1.19,0.505,0.415
pubmedqa,partially_aligned,flan-t5-large,hybrid_medcpt,200,0.16,0.856,0.438,0.518,NA,NA,NA,20.5,11.0,1.2,0.53,0.414
pubmedqa,partially_aligned,flan-t5-large,medcpt_rerank,200,0.168,0.859,0.423,0.509,NA,NA,NA,20.0,13.0,1.54,0.43,0.395
pubmedqa,partially_aligned,flan-t5-large,missing_evidence,200,0.117,0.835,0.153,0.231,NA,NA,NA,41.0,29.5,1.14,0.16,0.119
pubmedqa,partially_aligned,flan-t5-large,no_retrieval,200,0.142,0.847,0.502,0.102,NA,NA,NA,18.5,2.5,0.99,0.285,0.146
pubmedqa,partially_aligned,flan-t5-large,noisy1,200,0.126,0.84,0.323,0.423,NA,NA,NA,32.5,21.0,1.18,0.405,0.308
pubmedqa,partially_aligned,flan-t5-large,random,200,0.126,0.84,0.375,0.462,NA,NA,NA,28.0,14.0,0.98,0.395,0.36
pubmedqa,partially_aligned,mistral-7b-instruct,bm25,200,0.197,0.873,0.575,0.651,NA,NA,NA,27.5,11.5,1.76,0.62,0.546
pubmedqa,partially_aligned,mistral-7b-instruct,contradictory,200,0.166,0.86,0.18,0.288,NA,NA,NA,41.5,38.0,1.77,0.19,0.175
pubmedqa,partially_aligned,mistral-7b-instruct,faiss_medcpt,200,0.204,0.876,0.548,0.635,NA,NA,NA,27.0,14.0,1.96,0.59,0.531
pubmedqa,partially_aligned,mistral-7b-instruct,faiss_minilm,200,0.198,0.874,0.557,0.636,NA,NA,NA,27.5,12.5,1.96,0.61,0.538
pubmedqa,partially_aligned,mistral-7b-instruct,hybrid_medcpt,200,0.208,0.878,0.541,0.642,NA,NA,NA,26.0,16.0,1.88,0.52,0.509
pubmedqa,partially_aligned,mistral-7b-instruct,medcpt_rerank,200,0.216,0.882,0.524,0.649,NA,NA,NA,25.5,18.0,2.22,0.525,0.508
pubmedqa,partially_aligned,mistral-7b-instruct,missing_evidence,200,0.16,0.857,0.127,0.231,NA,NA,NA,45.0,44.0,1.74,0.17,0.128
pubmedqa,partially_aligned,mistral-7b-instruct,no_retrieval,200,0.185,0.869,0.647,0.114,NA,NA,NA,24.5,5.0,1.75,0.65,0.617
pubmedqa,partially_aligned,mistral-7b-instruct,noisy1,200,0.171,0.862,0.227,0.346,NA,NA,NA,37.5,31.5,1.81,0.285,0.219
pubmedqa,partially_aligned,mistral-7b-instruct,random,200,0.169,0.862,0.327,0.412,NA,NA,NA,33.0,19.5,1.68,0.36,0.31