dataset,corpus_condition,model,condition,k,corpus_scale,avg_rouge_l,avg_em
pubmedqa,aligned,flan-t5-large,medcpt_rerank,7,2000,0.214,0.685
pubmedqa,aligned,flan-t5-large,medcpt_rerank,7,5000,0.213,0.684
pubmedqa,aligned,flan-t5-large,medcpt_rerank,10,2000,0.214,0.685
pubmedqa,aligned,flan-t5-large,medcpt_rerank,10,5000,0.214,0.686
pubmedqa,partial,flan-t5-large,medcpt_rerank,7,2000,0.168,0.456
pubmedqa,partial,flan-t5-large,medcpt_rerank,7,5000,0.167,0.455
pubmedqa,partial,flan-t5-large,medcpt_rerank,10,2000,0.168,0.456
pubmedqa,partial,flan-t5-large,medcpt_rerank,10,5000,0.168,0.456
pubmedqa,misaligned,flan-t5-large,medcpt_rerank,7,2000,0.124,0.220
pubmedqa,misaligned,flan-t5-large,medcpt_rerank,7,5000,0.123,0.219
pubmedqa,misaligned,flan-t5-large,medcpt_rerank,10,2000,0.124,0.220
pubmedqa,misaligned,flan-t5-large,medcpt_rerank,10,5000,0.124,0.220
pubmedqa,aligned,mistral-7b-instruct,medcpt_rerank,7,2000,0.262,0.640
pubmedqa,aligned,mistral-7b-instruct,medcpt_rerank,7,5000,0.261,0.639
pubmedqa,aligned,mistral-7b-instruct,medcpt_rerank,10,2000,0.262,0.640
pubmedqa,aligned,mistral-7b-instruct,medcpt_rerank,10,5000,0.262,0.641
pubmedqa,partial,mistral-7b-instruct,medcpt_rerank,7,2000,0.214,0.510
pubmedqa,partial,mistral-7b-instruct,medcpt_rerank,7,5000,0.213,0.509
pubmedqa,partial,mistral-7b-instruct,medcpt_rerank,10,2000,0.214,0.510
pubmedqa,partial,mistral-7b-instruct,medcpt_rerank,10,5000,0.214,0.510
pubmedqa,misaligned,mistral-7b-instruct,medcpt_rerank,7,2000,0.168,0.320
pubmedqa,misaligned,mistral-7b-instruct,medcpt_rerank,7,5000,0.167,0.319
pubmedqa,misaligned,mistral-7b-instruct,medcpt_rerank,10,2000,0.168,0.320
pubmedqa,misaligned,mistral-7b-instruct,medcpt_rerank,10,5000,0.168,0.320
pubmedqa,aligned,biomistral-7b,medcpt_rerank,7,2000,0.280,0.600
pubmedqa,aligned,biomistral-7b,medcpt_rerank,7,5000,0.279,0.599
pubmedqa,aligned,biomistral-7b,medcpt_rerank,10,2000,0.280,0.600
pubmedqa,aligned,biomistral-7b,medcpt_rerank,10,5000,0.280,0.601
pubmedqa,partial,biomistral-7b,medcpt_rerank,7,2000,0.228,0.510
pubmedqa,partial,biomistral-7b,medcpt_rerank,7,5000,0.227,0.509
pubmedqa,partial,biomistral-7b,medcpt_rerank,10,2000,0.228,0.510
pubmedqa,partial,biomistral-7b,medcpt_rerank,10,5000,0.228,0.510
pubmedqa,misaligned,biomistral-7b,medcpt_rerank,7,2000,0.180,0.340
pubmedqa,misaligned,biomistral-7b,medcpt_rerank,7,5000,0.179,0.339
pubmedqa,misaligned,biomistral-7b,medcpt_rerank,10,2000,0.180,0.340
pubmedqa,misaligned,biomistral-7b,medcpt_rerank,10,5000,0.180,0.340
medmcqa,aligned,flan-t5-large,medcpt_rerank,7,2000,0.156,0.380
medmcqa,aligned,flan-t5-large,medcpt_rerank,7,5000,0.156,0.381
medmcqa,aligned,flan-t5-large,medcpt_rerank,10,2000,0.156,0.380
medmcqa,aligned,flan-t5-large,medcpt_rerank,10,5000,0.156,0.380
medmcqa,partial,flan-t5-large,medcpt_rerank,7,2000,0.115,0.235
medmcqa,partial,flan-t5-large,medcpt_rerank,7,5000,0.114,0.234
medmcqa,partial,flan-t5-large,medcpt_rerank,10,2000,0.115,0.235
medmcqa,partial,flan-t5-large,medcpt_rerank,10,5000,0.115,0.235
medmcqa,misaligned,flan-t5-large,medcpt_rerank,7,2000,0.068,0.150
medmcqa,misaligned,flan-t5-large,medcpt_rerank,7,5000,0.067,0.149
medmcqa,misaligned,flan-t5-large,medcpt_rerank,10,2000,0.068,0.150
medmcqa,misaligned,flan-t5-large,medcpt_rerank,10,5000,0.068,0.150
medmcqa,aligned,mistral-7b-instruct,medcpt_rerank,7,2000,0.187,0.405
medmcqa,aligned,mistral-7b-instruct,medcpt_rerank,7,5000,0.186,0.404
medmcqa,aligned,mistral-7b-instruct,medcpt_rerank,10,2000,0.187,0.405
medmcqa,aligned,mistral-7b-instruct,medcpt_rerank,10,5000,0.187,0.406
medmcqa,partial,mistral-7b-instruct,medcpt_rerank,7,2000,0.139,0.280
medmcqa,partial,mistral-7b-instruct,medcpt_rerank,7,5000,0.138,0.279
medmcqa,partial,mistral-7b-instruct,medcpt_rerank,10,2000,0.139,0.280
medmcqa,partial,mistral-7b-instruct,medcpt_rerank,10,5000,0.139,0.280
medmcqa,misaligned,mistral-7b-instruct,medcpt_rerank,7,2000,0.093,0.150
medmcqa,misaligned,mistral-7b-instruct,medcpt_rerank,7,5000,0.092,0.149
medmcqa,misaligned,mistral-7b-instruct,medcpt_rerank,10,2000,0.093,0.150
medmcqa,misaligned,mistral-7b-instruct,medcpt_rerank,10,5000,0.093,0.150
medmcqa,aligned,biomistral-7b,medcpt_rerank,7,2000,0.205,0.355
medmcqa,aligned,biomistral-7b,medcpt_rerank,7,5000,0.204,0.354
medmcqa,aligned,biomistral-7b,medcpt_rerank,10,2000,0.205,0.355
medmcqa,aligned,biomistral-7b,medcpt_rerank,10,5000,0.205,0.356
medmcqa,partial,biomistral-7b,medcpt_rerank,7,2000,0.153,0.240
medmcqa,partial,biomistral-7b,medcpt_rerank,7,5000,0.152,0.239
medmcqa,partial,biomistral-7b,medcpt_rerank,10,2000,0.153,0.240
medmcqa,partial,biomistral-7b,medcpt_rerank,10,5000,0.153,0.240
medmcqa,misaligned,biomistral-7b,medcpt_rerank,7,2000,0.105,0.115
medmcqa,misaligned,biomistral-7b,medcpt_rerank,7,5000,0.104,0.114
medmcqa,misaligned,biomistral-7b,medcpt_rerank,10,2000,0.105,0.115
medmcqa,misaligned,biomistral-7b,medcpt_rerank,10,5000,0.105,0.115