dataset,corpus_condition,model,condition,acc_ynm,claim_correctness
pubmedqa,aligned,biomistral-7b,bm25,0.59,0.605
pubmedqa,aligned,biomistral-7b,contradictory,0.21,0.162
pubmedqa,aligned,biomistral-7b,faiss_medcpt,0.635,0.593
pubmedqa,aligned,biomistral-7b,faiss_minilm,0.595,0.611
pubmedqa,aligned,biomistral-7b,hybrid_medcpt,0.605,0.592
pubmedqa,aligned,biomistral-7b,medcpt_rerank,0.6,0.577
pubmedqa,aligned,biomistral-7b,missing_evidence,0.18,0.103
pubmedqa,aligned,biomistral-7b,no_retrieval,0.725,0.673
pubmedqa,aligned,biomistral-7b,noisy1,0.28,0.246
pubmedqa,aligned,biomistral-7b,random,0.39,0.346
pubmedqa,aligned,flan-t5-large,bm25,0.465,0.423
pubmedqa,aligned,flan-t5-large,contradictory,0.26,0.129
pubmedqa,aligned,flan-t5-large,faiss_medcpt,0.615,0.636
pubmedqa,aligned,flan-t5-large,faiss_minilm,0.47,0.438
pubmedqa,aligned,flan-t5-large,hybrid_medcpt,0.625,0.648
pubmedqa,aligned,flan-t5-large,medcpt_rerank,0.685,0.651
pubmedqa,aligned,flan-t5-large,missing_evidence,0.21,0.11
pubmedqa,aligned,flan-t5-large,no_retrieval,0.195,0.148
pubmedqa,aligned,flan-t5-large,noisy1,0.375,0.324
pubmedqa,aligned,flan-t5-large,random,0.465,0.378
pubmedqa,aligned,mistral-7b-instruct,bm25,0.58,0.576
pubmedqa,aligned,mistral-7b-instruct,contradictory,0.255,0.202
pubmedqa,aligned,mistral-7b-instruct,faiss_medcpt,0.615,0.572
pubmedqa,aligned,mistral-7b-instruct,faiss_minilm,0.595,0.575
pubmedqa,aligned,mistral-7b-instruct,hybrid_medcpt,0.555,0.573
pubmedqa,aligned,mistral-7b-instruct,medcpt_rerank,0.64,0.582
pubmedqa,aligned,mistral-7b-instruct,missing_evidence,0.21,0.152
pubmedqa,aligned,mistral-7b-instruct,no_retrieval,0.67,0.613
pubmedqa,aligned,mistral-7b-instruct,noisy1,0.345,0.262
pubmedqa,aligned,mistral-7b-instruct,random,0.405,0.336
pubmedqa,misaligned,biomistral-7b,bm25,0.38,0.354
pubmedqa,misaligned,biomistral-7b,contradictory,0.03,0.024
pubmedqa,misaligned,biomistral-7b,faiss_medcpt,0.345,0.31
pubmedqa,misaligned,biomistral-7b,faiss_minilm,0.4,0.34
pubmedqa,misaligned,biomistral-7b,hybrid_medcpt,0.355,0.295
pubmedqa,misaligned,biomistral-7b,medcpt_rerank,0.34,0.274
pubmedqa,misaligned,biomistral-7b,missing_evidence,0.0,0.007
pubmedqa,misaligned,biomistral-7b,no_retrieval,0.74,0.672
pubmedqa,misaligned,biomistral-7b,noisy1,0.09,0.075
pubmedqa,misaligned,biomistral-7b,random,0.25,0.241
pubmedqa,misaligned,flan-t5-large,bm25,0.48,0.413
pubmedqa,misaligned,flan-t5-large,contradictory,0.185,0.098
pubmedqa,misaligned,flan-t5-large,faiss_medcpt,0.425,0.385
pubmedqa,misaligned,flan-t5-large,faiss_minilm,0.465,0.392
pubmedqa,misaligned,flan-t5-large,hybrid_medcpt,0.445,0.369
pubmedqa,misaligned,flan-t5-large,medcpt_rerank,0.22,0.125
pubmedqa,misaligned,flan-t5-large,missing_evidence,0.12,0.103
pubmedqa,misaligned,flan-t5-large,no_retrieval,0.195,0.133
pubmedqa,misaligned,flan-t5-large,noisy1,0.15,0.109
pubmedqa,misaligned,flan-t5-large,random,0.27,0.122
pubmedqa,misaligned,mistral-7b-instruct,bm25,0.4,0.369
pubmedqa,misaligned,mistral-7b-instruct,contradictory,0.22,0.154
pubmedqa,misaligned,mistral-7b-instruct,faiss_medcpt,0.425,0.336
pubmedqa,misaligned,mistral-7b-instruct,faiss_minilm,0.375,0.352
pubmedqa,misaligned,mistral-7b-instruct,hybrid_medcpt,0.345,0.317
pubmedqa,misaligned,mistral-7b-instruct,medcpt_rerank,0.32,0.297
pubmedqa,misaligned,mistral-7b-instruct,missing_evidence,0.11,0.105
pubmedqa,misaligned,mistral-7b-instruct,no_retrieval,0.695,0.616
pubmedqa,misaligned,mistral-7b-instruct,noisy1,0.25,0.195
pubmedqa,misaligned,mistral-7b-instruct,random,0.355,0.282
pubmedqa,partially_aligned,biomistral-7b,bm25,0.62,0.564
pubmedqa,partially_aligned,biomistral-7b,contradictory,0.075,0.088
pubmedqa,partially_aligned,biomistral-7b,faiss_medcpt,0.575,0.532
pubmedqa,partially_aligned,biomistral-7b,faiss_minilm,0.56,0.558
pubmedqa,partially_aligned,biomistral-7b,hybrid_medcpt,0.545,0.502
pubmedqa,partially_aligned,biomistral-7b,medcpt_rerank,0.5,0.474
pubmedqa,partially_aligned,biomistral-7b,missing_evidence,0.04,0.033
pubmedqa,partially_aligned,biomistral-7b,no_retrieval,0.725,0.671
pubmedqa,partially_aligned,biomistral-7b,noisy1,0.195,0.157
pubmedqa,partially_aligned,biomistral-7b,random,0.29,0.295
pubmedqa,partially_aligned,flan-t5-large,bm25,0.465,0.418
pubmedqa,partially_aligned,flan-t5-large,contradictory,0.17,0.113
pubmedqa,partially_aligned,flan-t5-large,faiss_medcpt,0.415,0.413
pubmedqa,partially_aligned,flan-t5-large,faiss_minilm,0.505,0.415
pubmedqa,partially_aligned,flan-t5-large,hybrid_medcpt,0.53,0.414
pubmedqa,partially_aligned,flan-t5-large,medcpt_rerank,0.43,0.395
pubmedqa,partially_aligned,flan-t5-large,missing_evidence,0.16,0.119
pubmedqa,partially_aligned,flan-t5-large,no_retrieval,0.285,0.146
pubmedqa,partially_aligned,flan-t5-large,noisy1,0.405,0.308
pubmedqa,partially_aligned,flan-t5-large,random,0.395,0.36
pubmedqa,partially_aligned,mistral-7b-instruct,bm25,0.62,0.546
pubmedqa,partially_aligned,mistral-7b-instruct,contradictory,0.19,0.175
pubmedqa,partially_aligned,mistral-7b-instruct,faiss_medcpt,0.59,0.531
pubmedqa,partially_aligned,mistral-7b-instruct,faiss_minilm,0.61,0.538
pubmedqa,partially_aligned,mistral-7b-instruct,hybrid_medcpt,0.52,0.509
pubmedqa,partially_aligned,mistral-7b-instruct,medcpt_rerank,0.525,0.508
pubmedqa,partially_aligned,mistral-7b-instruct,missing_evidence,0.17,0.128
pubmedqa,partially_aligned,mistral-7b-instruct,no_retrieval,0.65,0.617
pubmedqa,partially_aligned,mistral-7b-instruct,noisy1,0.285,0.219
pubmedqa,partially_aligned,mistral-7b-instruct,random,0.36,0.31