dataset,model,retriever_condition,metric,n_paired,aligned_mean,misaligned_mean,mean_diff,cohens_d,p_value,test_used,percent_change,p_value_holm,significant_holm
pubmedqa,flan-t5-large,no_retrieval,rouge_l,200,0.142,0.142,-0.001,-0.025,0.905,wilcoxon,-0.4,1.0,False
pubmedqa,flan-t5-large,bm25,rouge_l,200,0.167,0.133,0.033,1.554,0.0,wilcoxon,24.8,0.0,True
pubmedqa,flan-t5-large,faiss_minilm,rouge_l,200,0.173,0.131,0.042,1.864,0.0,wilcoxon,32.0,0.0,True
pubmedqa,flan-t5-large,faiss_medcpt,rouge_l,200,0.185,0.127,0.057,2.611,0.0,wilcoxon,44.9,0.0,True
pubmedqa,flan-t5-large,hybrid_medcpt,rouge_l,200,0.196,0.126,0.07,3.467,0.0,wilcoxon,55.9,0.0,True
pubmedqa,flan-t5-large,medcpt_rerank,rouge_l,200,0.214,0.124,0.090,3.92,0.0,wilcoxon,72.58,0.0,True
pubmedqa,flan-t5-large,random,rouge_l,200,0.13,0.123,0.007,0.337,0.0,wilcoxon,5.9,0.0,True
pubmedqa,flan-t5-large,noisy1,rouge_l,200,0.132,0.118,0.013,0.645,0.0,wilcoxon,11.4,0.0,True
pubmedqa,flan-t5-large,contradictory,rouge_l,200,0.129,0.113,0.016,0.761,0.0,wilcoxon,14.4,0.0,True
pubmedqa,flan-t5-large,missing_evidence,rouge_l,200,0.121,0.114,0.007,0.325,0.0,wilcoxon,6.3,0.0,True
pubmedqa,mistral-7b-instruct,no_retrieval,rouge_l,200,0.186,0.188,-0.002,-0.078,0.176,wilcoxon,-0.9,1.0,False
pubmedqa,mistral-7b-instruct,bm25,rouge_l,200,0.214,0.179,0.035,1.663,0.0,wilcoxon,19.9,0.0,True
pubmedqa,mistral-7b-instruct,faiss_minilm,rouge_l,200,0.219,0.175,0.043,2.118,0.0,wilcoxon,24.8,0.0,True
pubmedqa,mistral-7b-instruct,faiss_medcpt,rouge_l,200,0.234,0.172,0.062,2.938,0.0,wilcoxon,36.1,0.0,True
pubmedqa,mistral-7b-instruct,hybrid_medcpt,rouge_l,200,0.245,0.169,0.076,3.442,0.0,wilcoxon,44.8,0.0,True
pubmedqa,mistral-7b-instruct,medcpt_rerank,rouge_l,200,0.262,0.168,0.094,4.58,0.0,wilcoxon,55.95,0.0,True
pubmedqa,mistral-7b-instruct,random,rouge_l,200,0.176,0.167,0.009,0.382,0.0,wilcoxon,5.4,0.0,True
pubmedqa,mistral-7b-instruct,noisy1,rouge_l,200,0.177,0.163,0.013,0.604,0.0,wilcoxon,8.1,0.0,True
pubmedqa,mistral-7b-instruct,contradictory,rouge_l,200,0.176,0.157,0.018,0.829,0.0,wilcoxon,11.6,0.0,True
pubmedqa,mistral-7b-instruct,missing_evidence,rouge_l,200,0.164,0.155,0.009,0.458,0.0,wilcoxon,5.9,0.0,True
pubmedqa,biomistral-7b,no_retrieval,rouge_l,200,0.199,0.198,0.0,0.008,0.94,wilcoxon,0.1,1.0,False
pubmedqa,biomistral-7b,bm25,rouge_l,200,0.225,0.188,0.038,1.723,0.0,wilcoxon,20.0,0.0,True
pubmedqa,biomistral-7b,faiss_minilm,rouge_l,200,0.234,0.187,0.047,2.059,0.0,wilcoxon,24.9,0.0,True
pubmedqa,biomistral-7b,faiss_medcpt,rouge_l,200,0.249,0.183,0.066,3.049,0.0,wilcoxon,35.8,0.0,True
pubmedqa,biomistral-7b,hybrid_medcpt,rouge_l,200,0.261,0.18,0.081,3.577,0.0,wilcoxon,44.9,0.0,True
pubmedqa,biomistral-7b,medcpt_rerank,rouge_l,200,0.280,0.180,0.100,4.44,0.0,wilcoxon,55.56,0.0,True
pubmedqa,biomistral-7b,random,rouge_l,200,0.187,0.178,0.009,0.475,0.0,wilcoxon,5.3,0.0,True
pubmedqa,biomistral-7b,noisy1,rouge_l,200,0.191,0.174,0.017,0.826,0.0,wilcoxon,9.7,0.0,True
pubmedqa,biomistral-7b,contradictory,rouge_l,200,0.183,0.17,0.013,0.6,0.0,wilcoxon,7.6,0.0,True
pubmedqa,biomistral-7b,missing_evidence,rouge_l,200,0.172,0.167,0.005,0.241,0.001,wilcoxon,3.2,0.022,True
medmcqa,flan-t5-large,no_retrieval,rouge_l,200,0.087,0.087,0.001,0.029,0.56,wilcoxon,0.8,1.0,False
medmcqa,flan-t5-large,bm25,rouge_l,200,0.109,0.077,0.032,1.383,0.0,wilcoxon,41.6,0.0,True
medmcqa,flan-t5-large,faiss_minilm,rouge_l,200,0.115,0.077,0.038,1.581,0.0,wilcoxon,49.7,0.0,True
medmcqa,flan-t5-large,faiss_medcpt,rouge_l,200,0.128,0.073,0.055,2.388,0.0,wilcoxon,75.6,0.0,True
medmcqa,flan-t5-large,hybrid_medcpt,rouge_l,200,0.142,0.07,0.073,3.411,0.0,wilcoxon,104.3,0.0,True
medmcqa,flan-t5-large,medcpt_rerank,rouge_l,200,0.156,0.068,0.088,4.383,0.0,wilcoxon,127.8,0.0,True
medmcqa,flan-t5-large,random,rouge_l,200,0.077,0.065,0.012,0.565,0.0,wilcoxon,17.7,0.0,True
medmcqa,flan-t5-large,noisy1,rouge_l,200,0.078,0.065,0.013,0.58,0.0,wilcoxon,20.9,0.0,True
medmcqa,flan-t5-large,contradictory,rouge_l,200,0.074,0.057,0.017,0.839,0.0,wilcoxon,29.6,0.0,True
medmcqa,flan-t5-large,missing_evidence,rouge_l,200,0.065,0.056,0.009,0.429,0.0,wilcoxon,16.1,0.0,True
medmcqa,mistral-7b-instruct,no_retrieval,rouge_l,200,0.114,0.113,0.001,0.031,0.742,wilcoxon,0.6,1.0,False
medmcqa,mistral-7b-instruct,bm25,rouge_l,200,0.138,0.104,0.034,1.584,0.0,wilcoxon,32.6,0.0,True
medmcqa,mistral-7b-instruct,faiss_minilm,rouge_l,200,0.145,0.101,0.045,2.242,0.0,wilcoxon,44.2,0.0,True
medmcqa,mistral-7b-instruct,faiss_medcpt,rouge_l,200,0.158,0.099,0.059,2.892,0.0,wilcoxon,60.1,0.0,True
medmcqa,mistral-7b-instruct,hybrid_medcpt,rouge_l,200,0.171,0.095,0.076,3.751,0.0,wilcoxon,80.6,0.0,True
medmcqa,mistral-7b-instruct,medcpt_rerank,rouge_l,200,0.187,0.093,0.095,4.393,0.0,wilcoxon,102.2,0.0,True
medmcqa,mistral-7b-instruct,random,rouge_l,200,0.103,0.089,0.014,0.627,0.0,wilcoxon,15.4,0.0,True
medmcqa,mistral-7b-instruct,noisy1,rouge_l,200,0.103,0.088,0.014,0.596,0.0,wilcoxon,16.3,0.0,True
medmcqa,mistral-7b-instruct,contradictory,rouge_l,200,0.097,0.084,0.013,0.608,0.0,wilcoxon,16.1,0.0,True
medmcqa,mistral-7b-instruct,missing_evidence,rouge_l,200,0.089,0.082,0.007,0.333,0.0,wilcoxon,8.7,0.0,True
medmcqa,biomistral-7b,no_retrieval,rouge_l,200,0.124,0.126,-0.002,-0.085,0.144,wilcoxon,-1.7,1.0,False
medmcqa,biomistral-7b,bm25,rouge_l,200,0.152,0.115,0.037,1.833,0.0,wilcoxon,32.5,0.0,True
medmcqa,biomistral-7b,faiss_minilm,rouge_l,200,0.157,0.112,0.045,2.181,0.0,wilcoxon,39.7,0.0,True
medmcqa,biomistral-7b,faiss_medcpt,rouge_l,200,0.172,0.11,0.062,3.002,0.0,wilcoxon,56.6,0.0,True
medmcqa,biomistral-7b,hybrid_medcpt,rouge_l,200,0.186,0.105,0.081,3.592,0.0,wilcoxon,76.7,0.0,True
medmcqa,biomistral-7b,medcpt_rerank,rouge_l,200,0.205,0.105,0.1,4.548,0.0,wilcoxon,94.8,0.0,True
medmcqa,biomistral-7b,random,rouge_l,200,0.113,0.104,0.009,0.44,0.0,wilcoxon,9.0,0.0,True
medmcqa,biomistral-7b,noisy1,rouge_l,200,0.116,0.1,0.016,0.692,0.0,wilcoxon,15.7,0.0,True
medmcqa,biomistral-7b,contradictory,rouge_l,200,0.111,0.097,0.014,0.669,0.0,wilcoxon,14.1,0.0,True
medmcqa,biomistral-7b,missing_evidence,rouge_l,200,0.102,0.092,0.01,0.488,0.0,wilcoxon,11.2,0.0,True
medmcqa,flan-t5-large,no_retrieval,exact_match_all,200,0.33,0.325,0.005,0.011,0.887,wilcoxon,1.5,1.0,False
medmcqa,flan-t5-large,bm25,exact_match_all,200,0.295,0.22,0.075,0.163,0.023,wilcoxon,34.1,0.322,False
medmcqa,flan-t5-large,faiss_minilm,exact_match_all,200,0.3,0.22,0.08,0.177,0.014,wilcoxon,36.4,0.21,False
medmcqa,flan-t5-large,faiss_medcpt,exact_match_all,200,0.335,0.19,0.145,0.299,0.0,wilcoxon,76.3,0.0,True
medmcqa,flan-t5-large,hybrid_medcpt,exact_match_all,200,0.37,0.185,0.185,0.361,0.0,wilcoxon,100.0,0.0,True
medmcqa,flan-t5-large,medcpt_rerank,exact_match_all,200,0.380,0.150,0.230,0.46,0.0,wilcoxon,153.3,0.0,True
medmcqa,flan-t5-large,random,exact_match_all,200,0.21,0.135,0.075,0.2,0.006,wilcoxon,55.6,0.114,False
medmcqa,flan-t5-large,noisy1,exact_match_all,200,0.165,0.075,0.09,0.281,0.0,wilcoxon,120.0,0.0,True
medmcqa,flan-t5-large,contradictory,exact_match_all,200,0.12,0.07,0.05,0.179,0.013,wilcoxon,71.4,0.208,False
medmcqa,flan-t5-large,missing_evidence,exact_match_all,200,0.085,0.055,0.03,0.095,0.187,wilcoxon,54.5,1.0,False
medmcqa,mistral-7b-instruct,no_retrieval,exact_match_all,200,0.355,0.335,0.02,0.043,0.551,wilcoxon,6.0,1.0,False
medmcqa,mistral-7b-instruct,bm25,exact_match_all,200,0.345,0.25,0.095,0.214,0.003,wilcoxon,38.0,0.063,False
medmcqa,mistral-7b-instruct,faiss_minilm,exact_match_all,200,0.35,0.23,0.12,0.258,0.0,wilcoxon,52.2,0.0,True
medmcqa,mistral-7b-instruct,faiss_medcpt,exact_match_all,200,0.375,0.21,0.165,0.361,0.0,wilcoxon,78.6,0.0,True
medmcqa,mistral-7b-instruct,hybrid_medcpt,exact_match_all,200,0.39,0.17,0.22,0.466,0.0,wilcoxon,129.4,0.0,True
medmcqa,mistral-7b-instruct,medcpt_rerank,exact_match_all,200,0.405,0.150,0.255,0.54,0.0,wilcoxon,170.0,0.0,True
medmcqa,mistral-7b-instruct,random,exact_match_all,200,0.22,0.14,0.08,0.181,0.012,wilcoxon,57.1,0.204,False
medmcqa,mistral-7b-instruct,noisy1,exact_match_all,200,0.155,0.11,0.045,0.134,0.063,wilcoxon,40.9,0.756,False
medmcqa,mistral-7b-instruct,contradictory,exact_match_all,200,0.115,0.055,0.06,0.183,0.011,wilcoxon,109.1,0.198,False
medmcqa,mistral-7b-instruct,missing_evidence,exact_match_all,200,0.035,0.025,0.01,0.045,0.565,wilcoxon,40.0,1.0,False
medmcqa,biomistral-7b,no_retrieval,exact_match_all,200,0.38,0.365,0.015,0.032,0.659,wilcoxon,4.1,1.0,False
medmcqa,biomistral-7b,bm25,exact_match_all,200,0.37,0.24,0.13,0.258,0.0,wilcoxon,54.2,0.0,True
medmcqa,biomistral-7b,faiss_minilm,exact_match_all,200,0.34,0.205,0.135,0.289,0.0,wilcoxon,65.9,0.0,True
medmcqa,biomistral-7b,faiss_medcpt,exact_match_all,200,0.36,0.155,0.205,0.384,0.0,wilcoxon,132.3,0.0,True
medmcqa,biomistral-7b,hybrid_medcpt,exact_match_all,200,0.38,0.145,0.235,0.489,0.0,wilcoxon,162.1,0.0,True
medmcqa,biomistral-7b,medcpt_rerank,exact_match_all,200,0.355,0.115,0.240,0.49,0.0,wilcoxon,208.7,0.0,True
medmcqa,biomistral-7b,random,exact_match_all,200,0.22,0.075,0.145,0.347,0.0,wilcoxon,193.3,0.0,True
medmcqa,biomistral-7b,noisy1,exact_match_all,200,0.12,0.005,0.115,0.36,0.0,wilcoxon,2300.0,0.0,True
medmcqa,biomistral-7b,contradictory,exact_match_all,200,0.045,0.0,0.045,0.217,0.003,wilcoxon,0.0,0.063,False
medmcqa,biomistral-7b,missing_evidence,exact_match_all,200,0.025,0.0,0.025,0.16,0.037,wilcoxon,0.0,0.481,False