dataset,model,condition,n,rouge_l,bertscore,gt_align,faithfulness,severe_hall_pct,abstained_pct,avg_latency,em_accuracy
pubmedqa,flan-t5-large,no_retrieval,200,0.142,0.847,0.523,0.612,18.5,2.3,1.23,0.412
pubmedqa,flan-t5-large,bm25,200,0.166,0.861,0.582,0.651,22.7,4.8,2.34,0.439
pubmedqa,flan-t5-large,faiss_minilm,200,0.171,0.864,0.588,0.657,21.9,5.6,2.79,0.451
pubmedqa,flan-t5-large,faiss_medcpt,200,0.185,0.869,0.605,0.681,20.0,6.2,2.87,0.474
pubmedqa,flan-t5-large,hybrid_medcpt,200,0.196,0.873,0.625,0.704,17.1,7.1,3.12,0.497
pubmedqa,flan-t5-large,medcpt_rerank,200,0.212,0.877,0.641,0.724,15.1,8.4,3.87,0.523
pubmedqa,flan-t5-large,random,200,0.131,0.838,0.471,0.533,30.5,9.2,2.43,0.376
pubmedqa,flan-t5-large,noisy1,200,0.134,0.833,0.482,0.51,37.6,14.3,2.98,0.386
pubmedqa,flan-t5-large,contradictory,200,0.128,0.826,0.446,0.484,45.3,18.3,3.12,0.359
pubmedqa,flan-t5-large,missing_evidence,200,0.119,0.819,0.408,0.433,50.7,22.2,3.24,0.337
pubmedqa,mistral-7b-instruct,no_retrieval,200,0.187,0.869,0.598,0.678,24.3,5.2,1.87,0.523
pubmedqa,mistral-7b-instruct,bm25,200,0.213,0.884,0.662,0.72,28.2,8.2,2.98,0.549
pubmedqa,mistral-7b-instruct,faiss_minilm,200,0.219,0.888,0.669,0.727,27.4,9.2,3.43,0.56
pubmedqa,mistral-7b-instruct,faiss_medcpt,200,0.234,0.893,0.687,0.753,25.7,9.9,3.51,0.582
pubmedqa,mistral-7b-instruct,hybrid_medcpt,200,0.246,0.897,0.709,0.778,23.0,11.0,3.76,0.604
pubmedqa,mistral-7b-instruct,medcpt_rerank,200,0.263,0.902,0.726,0.8,21.2,12.5,4.51,0.629
pubmedqa,mistral-7b-instruct,random,200,0.176,0.86,0.553,0.609,35.3,13.5,3.07,0.489
pubmedqa,mistral-7b-instruct,noisy1,200,0.179,0.855,0.562,0.589,41.8,22.2,3.62,0.498
pubmedqa,mistral-7b-instruct,contradictory,200,0.173,0.848,0.531,0.567,48.8,27.8,3.76,0.473
pubmedqa,mistral-7b-instruct,missing_evidence,200,0.164,0.841,0.498,0.522,53.8,33.4,3.88,0.452
pubmedqa,biomistral-7b,no_retrieval,200,0.198,0.874,0.612,0.698,12.3,8.7,1.92,0.558
pubmedqa,biomistral-7b,bm25,200,0.226,0.89,0.68,0.743,14.5,13.9,3.03,0.581
pubmedqa,biomistral-7b,faiss_minilm,200,0.232,0.894,0.688,0.75,14.1,15.6,3.48,0.591
pubmedqa,biomistral-7b,faiss_medcpt,200,0.248,0.9,0.707,0.778,13.1,16.9,3.56,0.611
pubmedqa,biomistral-7b,hybrid_medcpt,200,0.261,0.904,0.731,0.805,11.6,18.8,3.81,0.631
pubmedqa,biomistral-7b,medcpt_rerank,200,0.279,0.909,0.749,0.829,10.5,21.5,4.56,0.653
pubmedqa,biomistral-7b,random,200,0.187,0.865,0.575,0.643,18.6,23.2,3.12,0.527
pubmedqa,biomistral-7b,noisy1,200,0.19,0.86,0.582,0.627,22.3,39.7,3.67,0.536
pubmedqa,biomistral-7b,contradictory,200,0.184,0.853,0.557,0.609,26.4,49.9,3.81,0.513
pubmedqa,biomistral-7b,missing_evidence,200,0.175,0.846,0.53,0.573,29.2,60.2,3.93,0.494
medmcqa,flan-t5-large,no_retrieval,200,0.087,0.823,0.412,NA,8.4,3.4,1.34,0.387
medmcqa,flan-t5-large,bm25,200,0.079,0.814,0.375,NA,11.5,11.4,2.45,0.337
medmcqa,flan-t5-large,faiss_minilm,200,0.076,0.811,0.367,NA,12.2,12.4,2.9,0.323
medmcqa,flan-t5-large,faiss_medcpt,200,0.073,0.809,0.357,NA,13.0,14.4,2.98,0.306
medmcqa,flan-t5-large,hybrid_medcpt,200,0.07,0.806,0.345,NA,14.2,16.4,3.23,0.291
medmcqa,flan-t5-large,medcpt_rerank,200,0.068,0.804,0.338,NA,14.9,18.4,3.98,0.279
medmcqa,flan-t5-large,random,200,0.066,0.801,0.331,NA,16.0,20.4,2.54,0.266
medmcqa,flan-t5-large,noisy1,200,0.063,0.798,0.318,NA,18.1,28.6,3.09,0.254
medmcqa,flan-t5-large,contradictory,200,0.059,0.794,0.3,NA,20.4,33.4,3.23,0.235
medmcqa,flan-t5-large,missing_evidence,200,0.056,0.791,0.285,NA,22.4,38.2,3.35,0.22
medmcqa,mistral-7b-instruct,no_retrieval,200,0.112,0.841,0.478,NA,7.2,6.8,1.98,0.458
medmcqa,mistral-7b-instruct,bm25,200,0.104,0.832,0.444,NA,9.9,18.8,3.09,0.412
medmcqa,mistral-7b-instruct,faiss_minilm,200,0.101,0.829,0.437,NA,10.5,20.3,3.54,0.399
medmcqa,mistral-7b-instruct,faiss_medcpt,200,0.098,0.827,0.428,NA,11.3,23.3,3.62,0.383
medmcqa,mistral-7b-instruct,hybrid_medcpt,200,0.095,0.824,0.417,NA,12.3,26.3,3.87,0.369
medmcqa,mistral-7b-instruct,medcpt_rerank,200,0.093,0.822,0.411,NA,12.9,29.3,4.62,0.358
medmcqa,mistral-7b-instruct,random,200,0.091,0.819,0.404,NA,13.9,32.3,3.18,0.346
medmcqa,mistral-7b-instruct,noisy1,200,0.088,0.816,0.393,NA,15.8,44.6,3.73,0.335
medmcqa,mistral-7b-instruct,contradictory,200,0.084,0.812,0.376,NA,17.8,51.8,3.87,0.317
medmcqa,mistral-7b-instruct,missing_evidence,200,0.081,0.809,0.363,NA,19.5,59.0,3.99,0.303
medmcqa,biomistral-7b,no_retrieval,200,0.124,0.852,0.512,NA,4.8,12.3,2.01,0.498
medmcqa,biomistral-7b,bm25,200,0.116,0.843,0.483,NA,6.3,34.7,3.12,0.456
medmcqa,biomistral-7b,faiss_minilm,200,0.113,0.84,0.477,NA,6.6,37.5,3.57,0.444
medmcqa,biomistral-7b,faiss_medcpt,200,0.11,0.838,0.47,NA,7.0,43.1,3.65,0.429
medmcqa,biomistral-7b,hybrid_medcpt,200,0.107,0.835,0.46,NA,7.6,48.7,3.9,0.416
medmcqa,biomistral-7b,medcpt_rerank,200,0.105,0.833,0.455,NA,7.9,54.3,4.65,0.406
medmcqa,biomistral-7b,random,200,0.103,0.83,0.449,NA,8.5,59.9,3.21,0.395
medmcqa,biomistral-7b,noisy1,200,0.1,0.827,0.44,NA,9.5,81.6,3.76,0.385
medmcqa,biomistral-7b,contradictory,200,0.096,0.823,0.425,NA,10.6,94.8,3.9,0.368
medmcqa,biomistral-7b,missing_evidence,200,0.093,0.82,0.414,NA,11.5,95.0,4.02,0.355
